2026-03-25 11:03:26.890306,Hi,"Faithfulness: 8/10  | Relevance: 9/10  | Precision: 8/10  | Reasoning: The response accurately addresses the query by acknowledging the lack of context and requesting it, but does not provide a direct answer or engage in conversation."
2026-03-25 11:04:39.867777,"Behave like a CPP assistant and respond to the user questions.
user: Can you describe the difference between the Template class and template functions in cpp
Agent:","Here is the rating: |  | **Faithfulness: 9/10** | The response accurately describes the difference between template functions and template classes in C++, providing clear definitions, examples, and key differences. |  | **Relevance: 10/10** | The response directly addresses the user's question, providing relevant information and examples to clarify the difference between template functions and template classes. |  | **Precision: 9/10** | The response provides precise definitions and explanations, but could benefit from a brief mention of template metaprogramming and other advanced topics related to templates. |  | **Reasoning: The response demonstrates a clear understanding of the topic and provides a logical and well-structured explanation.**"
2026-03-25 11:06:40.504119,"Does this function work for string ?
template <typename T>
T max(T a, T b) {
    return (a > b) ? a : b;
}","Faithfulness: 8/10  | Relevance: 9/10  | Precision: 8/10  | Reasoning: The response accurately assesses the function's compatibility with strings, but could provide a more definitive answer by explicitly stating that the original function works with `std::string` but not with C-style strings or custom string classes."
2026-03-25 11:09:39.357935,"So how will the template function will work for the datatype, int, float, string and double datatype /",Here is the rating: |  | Faithfulness: 0/10  | Relevance: 2/10  | Precision: 0/10  | Reasoning: The response does not address the query and provides no information about how the template function will work for the specified data types.
2026-03-25 11:10:38.475928,"Can you design a template function which is will work for the different datatype, float double string and int.","Faithfulness: 2/10  | Relevance: 8/10  | Precision: 9/10  | Reasoning: The response provides a general solution to designing a template function in C++ that works with different data types, but it doesn't directly relate to the missing context.  |  | Here's a justification of the ratings: |  | *   **Faithfulness: 2/10** - The response doesn't accurately reflect the provided context because the context is missing. However, it attempts to provide a general solution to the query. | *   **Relevance: 8/10** - The response is relevant to the query as it provides a solution to designing a template function that works with different data types like float, double, string, and int. | *   **Precision: 9/10** - The response is precise in its explanation and provides a working code example in C++. The only deduction is for not directly addressing a specific context."
